Name,Position,Office,Age,Start date,Salary
Name,Position,Office,Age,Start date,Salary
Name,Position,Office,Age,Start date,Salary
Name,Position,Office,Age,Start date,Salary
Name,Position,Office,Age,Start date,Salary
Name,Position,Office,Age,Start date,Salary
Name,Position,Office,Age,Start date,Salary
Name,Position,Office,Age,Start date,Salary
Name,Position,Office,Age,Start date,Salary
Name,Position,Office,Age,Start date,Salary
Name,Position,Office,Age,Start date,Salary
Name,Position,Office,Age,Start date,Salary
Name,Position,Office,Age,Start date,Salary
Name,Position,Office,Age,Start date,Salary
Name,Position,Office,Age,Start date,Salary
Name,Position,Office,Age,Start date,Salary
Name,Position,Office,Age,Start date,Salary
Name,Position,Office,Age,Start date,Salary
Name,Position,Office,Age,Start date,Salary
Name,Position,Office,Age,Start date,Salary
Name,Position,Office,Age,Start date,Salary
Name,Position,Office,Age,Start date,Salary
Name,Position,Office,Age,Start date,Salary
Name,Position,Office,Age,Start date,Salary
Name,Position,Office,Age,Start date,Salary
Name,Position,Office,Age,Start date,Salary
Name,Position,Office,Age,Start date,Salary
Name,Position,Office,Age,Start date,Salary
Name,Position,Office,Age,Start date,Salary
Name,Position,Office,Age,Start date,Salary
Name,Position,Office,Age,Start date,Salary
Name,Position,Office,Age,Start date,Salary
Name,Position,Office,Age,Start date,Salary
Name,Position,Office,Age,Start date,Salary
Name,Position,Office,Age,Start date,Salary
Name,Position,Office,Age,Start date,Salary
Name,Position,Office,Age,Start date,Salary
Name,Position,Office,Age,Start date,Salary
Name,Position,Office,Age,Start date,Salary
Name,Position,Office,Age,Start date,Salary
Name,Position,Office,Age,Start date,Salary
Name,Position,Office,Age,Start date,Salary
Name,Position,Office,Age,Start date,Salary
Name,Position,Office,Age,Start date,Salary
Name,Position,Office,Age,Start date,Salary
Name,Position,Office,Age,Start date,Salary
Name,Position,Office,Age,Start date,Salary
Name,Position,Office,Age,Start date,Salary
Name,Position,Office,Age,Start date,Salary
Name,Position,Office,Age,Start date,Salary
Name,Position,Office,Age,Start date,Salary
Name,Position,Office,Age,Start date,Salary
Name,Position,Office,Age,Start date,Salary
Name,Position,Office,Age,Start date,Salary
Name,Position,Office,Age,Start date,Salary
Name,Position,Office,Age,Start date,Salary
Name,Position,Office,Age,Start date,Salary
Name,Position,Office,Age,Start date,Salary
